{"cameraMode":{"drawMode":0,"name":"Shaded","section":"Shading Mode"},"sceneLighting":true,"audioPlay":false,"sceneViewState":{"m_AlwaysRefresh":false,"showFog":true,"showSkybox":true,"showFlares":true,"showImageEffects":true,"showParticleSystems":true,"showVisualEffectGraphs":true,"m_FxEnabled":true},"in2DMode":false,"pivot":{"x":-1.1556390523910523,"y":-14.958358764648438,"z":4.8851399421691898},"rotation":{"x":-0.5083119869232178,"y":-0.02399863302707672,"z":0.014230293221771717,"w":-0.8608067631721497},"size":30.983388900756837,"orthographic":false}