{"cameraMode":{"drawMode":0,"name":"Shaded","section":"Shading Mode"},"sceneLighting":true,"audioPlay":false,"sceneViewState":{"showFog":true,"showMaterialUpdate":false,"showSkybox":true,"showFlares":true,"showImageEffects":true,"showParticleSystems":true,"showVisualEffectGraphs":true,"m_FxEnabled":true},"in2DMode":false,"pivot":{"x":0.3196457326412201,"y":3.64237380027771,"z":-5.553745269775391},"rotation":{"x":-0.17338402569293977,"y":-0.023048004135489465,"z":0.004050910472869873,"w":-0.9845906496047974},"size":1.3523259162902833,"orthographic":false}