{"cameraMode":{"drawMode":0,"name":"Shaded","section":"Shading Mode"},"sceneLighting":true,"audioPlay":false,"sceneViewState":{"m_AlwaysRefresh":false,"showFog":true,"showSkybox":true,"showFlares":true,"showImageEffects":true,"showParticleSystems":true,"showVisualEffectGraphs":true,"m_FxEnabled":true},"in2DMode":false,"pivot":{"x":2.1592230796813967,"y":5.400289058685303,"z":-14.029118537902832},"rotation":{"x":-0.21838374435901643,"y":-0.03295647352933884,"z":0.008299008011817932,"w":-0.975767195224762},"size":2.2610411643981935,"orthographic":false}